"date","username","role","classId","className","type","data"
"Mon May 28 2018 12:30:28","Naseh","admin",0,"null","Access","Authenticated / RFID : 5536103182194"
"Mon May 28 2018 12:30:28","Naseh","admin",0,"null","Access","Authenticated / RFID : 5536103182194"
"Mon May 28 2018 12:30:36","Naseh","Admin",207,"null","Command","open"
"Mon May 28 2018 12:30:37","Naseh","Admin",209,"null","Command","open"
"Mon May 28 2018 12:30:39","Naseh","Admin",209,"null","Command","close"
"Mon May 28 2018 12:30:43","Naseh","Admin",207,"null","Command","close"
"Mon May 28 2018 12:30:55","Naseh","admin",0,"null","Access","Authenticated / RFID : 1354144117102"
"Mon May 28 2018 12:31:02","Naseh","admin",0,"null","Access","Authenticated / RFID : 1354144117102"
"Mon May 28 2018 12:31:38","Naseh","admin",0,"null","Access","Authenticated / RFID : 1354144117102"
"Mon May 28 2018 12:32:56","Naseh","admin",0,"null","Access","Authenticated / RFID : 1354144117102"
"Mon May 28 2018 12:33:01","Naseh","admin",0,"null","Access","Authenticated / RFID : 1354144117102"
"Mon May 28 2018 12:33:06","Naseh","Admin",205,"null","Command","open"
"Mon May 28 2018 12:33:07","Naseh","Admin",205,"null","Command","close"
"Mon May 28 2018 12:33:09","Naseh","Admin",202,"null","Command","open"
"Mon May 28 2018 12:33:11","Naseh","Admin",202,"null","Command","close"
"Mon May 28 2018 12:33:12","Naseh","Admin",202,"null","Command","open"
"Mon May 28 2018 12:33:13","Naseh","Admin",209,"null","Command","open"
"Mon May 28 2018 12:33:15","Naseh","Admin",209,"null","Command","close"
"Mon May 28 2018 12:33:18","Naseh","Admin",207,"null","Command","open"
"Mon May 28 2018 12:33:22","Naseh","Admin",207,"null","Command","close"
"Mon May 28 2018 12:33:24","Naseh","Admin",207,"null","Command","open"
"Mon May 28 2018 12:33:27","Naseh","Admin",207,"null","Command","close"
"Mon May 28 2018 12:33:31","Naseh","Admin",226,"null","Command","open"
"Mon May 28 2018 12:33:35","Naseh","Admin",226,"null","Command","close"
"Mon May 28 2018 12:33:38","Naseh","Admin",206,"null","Command","open"
"Mon May 28 2018 12:33:42","Naseh","Admin",206,"null","Command","close"
"Mon May 28 2018 12:33:46","Naseh","Admin",213,"null","Command","open"
"Mon May 28 2018 12:33:48","Naseh","Admin",213,"null","Command","close"
"Mon May 28 2018 12:37:11","Naseh","admin",0,"null","Access","Authenticated / RFID : 1354144117102"
"Mon May 28 2018 12:37:39","Naseh","Admin",205,"null","Command","open"
"Mon May 28 2018 12:37:41","Naseh","Admin",205,"null","Command","close"
"Mon May 28 2018 12:37:44","Naseh","Admin",209,"null","Command","open"
"Mon May 28 2018 12:37:45","Naseh","Admin",209,"null","Command","close"
"Mon May 28 2018 12:37:48","Naseh","Admin",207,"null","Command","open"
"Mon May 28 2018 12:37:49","Naseh","Admin",207,"null","Command","close"
"Mon May 28 2018 12:37:51","Naseh","Admin",226,"null","Command","open"
"Mon May 28 2018 12:37:53","Naseh","Admin",226,"null","Command","close"
"Mon May 28 2018 12:37:55","Naseh","Admin",206,"null","Command","open"
"Mon May 28 2018 12:37:56","Naseh","Admin",206,"null","Command","close"
"Mon May 28 2018 12:38:04","Naseh","Admin",213,"null","Command","open"
"Mon May 28 2018 12:38:06","Naseh","Admin",213,"null","Command","close"
"Mon May 28 2018 12:40:46","Naseh","Admin",205,"null","Command","open"
"Mon May 28 2018 12:40:47","Naseh","Admin",209,"null","Command","open"
"Mon May 28 2018 12:40:47","Naseh","Admin",207,"null","Command","open"
"Mon May 28 2018 12:41:21","Naseh","Admin",226,"null","Command","open"
"Mon May 28 2018 12:41:22","Naseh","Admin",206,"null","Command","open"
"Mon May 28 2018 12:41:22","Naseh","Admin",213,"null","Command","open"
"Mon May 28 2018 12:42:12","null","null",0,"null","Access","Not Authenticated / RFID : 166226609113"
"Mon May 28 2018 12:42:12","null","null",0,"null","Access","Not Authenticated / RFID : 166226609113"
"Mon May 28 2018 12:42:12","null","null",0,"null","Access","Not Authenticated / RFID : 166226609113"
"Mon May 28 2018 12:42:12","null","null",0,"null","Access","Not Authenticated / RFID : 166226609113"
"Mon May 28 2018 12:42:12","null","null",0,"null","Access","Not Authenticated / RFID : 032609113"
"Mon May 28 2018 12:42:17","Naseh","admin",0,"null","Access","Authenticated / RFID : 1354144117102"
"Mon May 28 2018 12:42:25","Naseh","Admin",209,"null","Command","close"
"Mon May 28 2018 12:42:27","Naseh","Admin",209,"null","Command","open"
"Mon May 28 2018 12:57:00","Naseh","Admin",201,"null","Command","close failed"
"Mon May 28 2018 12:57:00","Naseh","Admin",202,"null","Command","close"
"Mon May 28 2018 12:57:00","Naseh","Admin",204,"null","Command","close failed"
"Mon May 28 2018 12:57:00","Naseh","Admin",203,"null","Command","close failed"
"Mon May 28 2018 12:57:00","Naseh","Admin",206,"null","Command","close"
"Mon May 28 2018 12:57:00","Naseh","Admin",205,"null","Command","close"
"Mon May 28 2018 12:57:00","Naseh","Admin",207,"null","Command","close"
"Mon May 28 2018 12:57:00","Naseh","Admin",208,"null","Command","close failed"
"Mon May 28 2018 12:57:00","Naseh","Admin",209,"null","Command","close"
"Mon May 28 2018 12:57:01","Naseh","Admin",210,"null","Command","close failed"
"Mon May 28 2018 12:57:01","Naseh","Admin",211,"null","Command","close failed"
"Mon May 28 2018 12:57:01","Naseh","Admin",212,"null","Command","close failed"
"Mon May 28 2018 12:57:01","Naseh","Admin",213,"null","Command","close"
"Mon May 28 2018 12:57:01","Naseh","Admin",214,"null","Command","close failed"
"Mon May 28 2018 12:57:01","Naseh","Admin",215,"null","Command","close failed"
"Mon May 28 2018 12:57:01","Naseh","Admin",216,"null","Command","close failed"
"Mon May 28 2018 12:57:01","Naseh","Admin",217,"null","Command","close failed"
"Mon May 28 2018 12:57:01","Naseh","Admin",218,"null","Command","close failed"
"Mon May 28 2018 12:57:01","Naseh","Admin",219,"null","Command","close failed"
"Mon May 28 2018 12:57:01","Naseh","Admin",220,"null","Command","close failed"
"Mon May 28 2018 12:57:01","Naseh","Admin",221,"null","Command","close failed"
"Mon May 28 2018 12:57:01","Naseh","Admin",222,"null","Command","close failed"
"Mon May 28 2018 12:57:01","Naseh","Admin",223,"null","Command","close failed"
"Mon May 28 2018 12:57:01","Naseh","Admin",224,"null","Command","close failed"
"Mon May 28 2018 12:57:01","Naseh","Admin",225,"null","Command","close failed"
"Mon May 28 2018 12:57:01","Naseh","Admin",226,"null","Command","close"
"Mon May 28 2018 12:57:01","Naseh","Admin",227,"null","Command","close failed"
"Mon May 28 2018 12:57:01","Naseh","Admin",228,"null","Command","close failed"
"Mon May 28 2018 12:57:01","Naseh","Admin",229,"null","Command","close failed"
"Mon May 28 2018 12:59:00","Naseh","Admin",205,"null","Command","close"
"Mon May 28 2018 12:59:00","Naseh","Admin",202,"null","Command","close"
"Mon May 28 2018 12:59:00","Naseh","Admin",209,"null","Command","close"
"Mon May 28 2018 12:59:00","Naseh","Admin",207,"null","Command","close"
"Mon May 28 2018 12:59:00","Naseh","Admin",206,"null","Command","close"
"Mon May 28 2018 12:59:00","Naseh","Admin",213,"null","Command","close"
"Mon May 28 2018 12:59:00","Naseh","Admin",226,"null","Command","close"
"Mon May 28 2018 13:00:00","Naseh","Admin",205,"null","Command","close"
"Mon May 28 2018 13:00:00","Naseh","Admin",202,"null","Command","close"
"Mon May 28 2018 13:00:00","Naseh","Admin",207,"null","Command","close"
"Mon May 28 2018 13:00:00","Naseh","Admin",209,"null","Command","close"
"Mon May 28 2018 13:00:00","Naseh","Admin",226,"null","Command","close"
"Mon May 28 2018 13:00:00","Naseh","Admin",206,"null","Command","close"
"Mon May 28 2018 13:00:00","Naseh","Admin",213,"null","Command","close"
"Mon May 28 2018 13:01:00","Naseh","Admin",205,"null","Command","close"
"Mon May 28 2018 13:01:00","Naseh","Admin",202,"null","Command","close"
"Mon May 28 2018 13:01:00","Naseh","Admin",226,"null","Command","close"
"Mon May 28 2018 13:01:01","Naseh","Admin",206,"null","Command","close"
"Mon May 28 2018 13:01:00","Naseh","Admin",209,"null","Command","close"
"Mon May 28 2018 13:01:00","Naseh","Admin",207,"null","Command","close"
"Mon May 28 2018 13:01:01","Naseh","Admin",213,"null","Command","close"
"Mon May 28 2018 13:03:01","Naseh","Admin",205,"null","Command","close"
"Mon May 28 2018 13:03:01","Naseh","Admin",226,"null","Command","close"
"Mon May 28 2018 13:03:01","Naseh","Admin",207,"null","Command","close"
"Mon May 28 2018 13:03:01","Naseh","Admin",206,"null","Command","close"
"Mon May 28 2018 13:03:01","Naseh","Admin",213,"null","Command","close"
"Mon May 28 2018 13:03:01","Naseh","Admin",202,"null","Command","close"
"Mon May 28 2018 13:03:01","Naseh","Admin",209,"null","Command","close"
"Mon May 28 2018 13:05:00","Naseh","Admin",205,"null","Command","close"
"Mon May 28 2018 13:05:00","Naseh","Admin",202,"null","Command","close"
"Mon May 28 2018 13:05:00","Naseh","Admin",207,"null","Command","close"
"Mon May 28 2018 13:05:00","Naseh","Admin",209,"null","Command","close"
"Mon May 28 2018 13:05:00","Naseh","Admin",206,"null","Command","close"
"Mon May 28 2018 13:05:00","Naseh","Admin",226,"null","Command","close"
"Mon May 28 2018 13:05:01","Naseh","Admin",213,"null","Command","close"
"Mon May 28 2018 13:07:00","Naseh","Admin",205,"null","Command","close"
"Mon May 28 2018 13:07:00","Naseh","Admin",207,"null","Command","close"
"Mon May 28 2018 13:07:00","Naseh","Admin",202,"null","Command","close"
"Mon May 28 2018 13:07:00","Naseh","Admin",206,"null","Command","close"
"Mon May 28 2018 13:07:00","Naseh","Admin",226,"null","Command","close"
"Mon May 28 2018 13:07:00","Naseh","Admin",209,"null","Command","close"
"Mon May 28 2018 13:07:00","Naseh","Admin",213,"null","Command","close"
"Mon May 28 2018 13:08:00","Naseh","Admin",205,"null","Command","close"
"Mon May 28 2018 13:08:00","Naseh","Admin",202,"null","Command","close"
"Mon May 28 2018 13:08:00","Naseh","Admin",207,"null","Command","close"
"Mon May 28 2018 13:08:00","Naseh","Admin",209,"null","Command","close"
"Mon May 28 2018 13:08:00","Naseh","Admin",206,"null","Command","close"
"Mon May 28 2018 13:08:00","Naseh","Admin",226,"null","Command","close"
"Mon May 28 2018 13:08:00","Naseh","Admin",213,"null","Command","close"
"Mon May 28 2018 13:08:54","Naseh","Admin",202,"null","Command","open"
"Mon May 28 2018 13:08:55","Naseh","Admin",205,"null","Command","open"
"Mon May 28 2018 13:08:55","Naseh","Admin",209,"null","Command","open"
"Mon May 28 2018 13:09:01","Naseh","Admin",205,"null","Command","close"
"Mon May 28 2018 13:09:01","Naseh","Admin",202,"null","Command","close"
"Mon May 28 2018 13:09:01","Naseh","Admin",207,"null","Command","close"
"Mon May 28 2018 13:09:01","Naseh","Admin",206,"null","Command","close"
"Mon May 28 2018 13:09:01","Naseh","Admin",226,"null","Command","close"
"Mon May 28 2018 13:09:01","Naseh","Admin",209,"null","Command","close"
"Mon May 28 2018 13:09:01","Naseh","Admin",213,"null","Command","close"
"Mon May 28 2018 13:12:00","Naseh","Admin",205,"null","Command","close"
"Mon May 28 2018 13:12:00","Naseh","Admin",202,"null","Command","close"
"Mon May 28 2018 13:12:00","Naseh","Admin",213,"null","Command","close"
"Mon May 28 2018 13:12:00","Naseh","Admin",209,"null","Command","close"
"Mon May 28 2018 13:12:00","Naseh","Admin",226,"null","Command","close"
"Mon May 28 2018 13:12:00","Naseh","Admin",207,"null","Command","close"
"Mon May 28 2018 13:12:00","Naseh","Admin",206,"null","Command","close"
"Mon May 28 2018 13:13:47","Rahimiyan","student",0,"null","Access","Authenticated / RFID : 170230912514"
"Mon May 28 2018 13:13:47","Rahimiyan","student",213,"Msc. Computer site","Access","Authorized"
"Mon May 28 2018 13:13:47","Rahimiyan","student",0,"null","Access","Authenticated / RFID : 170230912514"
"Mon May 28 2018 13:13:47","Rahimiyan","student",213,"Msc. Computer site","Access","Authorized"
"Mon May 28 2018 13:13:47","Rahimiyan","student",213,"Msc. Computer site","Access","logged out"
"Mon May 28 2018 13:13:47","Rahimiyan","student",213,"Msc. Computer site","Access","logged out"
"Mon May 28 2018 13:15:00","Naseh","Admin",205,"null","Command","close"
"Mon May 28 2018 13:15:00","Naseh","Admin",202,"null","Command","close"
"Mon May 28 2018 13:15:00","Naseh","Admin",206,"null","Command","close"
"Mon May 28 2018 13:15:00","Naseh","Admin",209,"null","Command","close"
"Mon May 28 2018 13:15:00","Naseh","Admin",226,"null","Command","close"
"Mon May 28 2018 13:15:00","Naseh","Admin",207,"null","Command","close"
"Mon May 28 2018 13:15:00","Naseh","Admin",213,"null","Command","close"
"Mon May 28 2018 13:18:00","Naseh","Admin",205,"null","Command","close"
"Mon May 28 2018 13:18:00","Naseh","Admin",209,"null","Command","close"
"Mon May 28 2018 13:18:00","Naseh","Admin",202,"null","Command","close"
"Mon May 28 2018 13:18:00","Naseh","Admin",226,"null","Command","close"
"Mon May 28 2018 13:18:00","Naseh","Admin",213,"null","Command","close"
"Mon May 28 2018 13:18:00","Naseh","Admin",206,"null","Command","close"
"Mon May 28 2018 13:18:00","Naseh","Admin",207,"null","Command","close"
"Mon May 28 2018 13:21:00","Naseh","Admin",205,"null","Command","close"
"Mon May 28 2018 13:21:00","Naseh","Admin",209,"null","Command","close"
"Mon May 28 2018 13:21:00","Naseh","Admin",206,"null","Command","close"
"Mon May 28 2018 13:21:00","Naseh","Admin",202,"null","Command","close"
"Mon May 28 2018 13:21:00","Naseh","Admin",213,"null","Command","close"
"Mon May 28 2018 13:21:00","Naseh","Admin",226,"null","Command","close"
"Mon May 28 2018 13:21:00","Naseh","Admin",207,"null","Command","close"
"Mon May 28 2018 13:23:22","Naseh","Admin",205,"null","Command","open"
"Mon May 28 2018 13:23:22","Naseh","Admin",202,"null","Command","open"
"Mon May 28 2018 13:23:23","Naseh","Admin",209,"null","Command","open"
"Mon May 28 2018 13:23:23","Naseh","Admin",207,"null","Command","open"
"Mon May 28 2018 13:23:50","Naseh","Admin",202,"null","Command","close"
"Mon May 28 2018 13:23:51","Naseh","Admin",209,"null","Command","close"
"Mon May 28 2018 13:23:57","Naseh","Admin",209,"null","Command","open"
"Mon May 28 2018 13:23:57","Naseh","Admin",202,"null","Command","open"
"Mon May 28 2018 13:24:00","Naseh","Admin",205,"null","Command","close"
"Mon May 28 2018 13:24:00","Naseh","Admin",202,"null","Command","close"
"Mon May 28 2018 13:24:00","Naseh","Admin",207,"null","Command","close"
"Mon May 28 2018 13:24:00","Naseh","Admin",209,"null","Command","close"
"Mon May 28 2018 13:24:00","Naseh","Admin",213,"null","Command","close"
"Mon May 28 2018 13:24:00","Naseh","Admin",226,"null","Command","close"
"Mon May 28 2018 13:24:00","Naseh","Admin",206,"null","Command","close"
"Mon May 28 2018 13:26:39","Naseh","Admin",205,"null","Command","open"
"Mon May 28 2018 13:26:39","Naseh","Admin",202,"null","Command","open"
"Mon May 28 2018 13:26:40","Naseh","Admin",209,"null","Command","open"
"Mon May 28 2018 13:26:40","Naseh","Admin",207,"null","Command","open"
"Mon May 28 2018 13:26:57","Naseh","Admin",205,"null","Command","close"
"Mon May 28 2018 13:27:00","Naseh","Admin",205,"null","Command","close"
"Mon May 28 2018 13:27:00","Naseh","Admin",202,"null","Command","close"
"Mon May 28 2018 13:27:00","Naseh","Admin",206,"null","Command","close"
"Mon May 28 2018 13:27:00","Naseh","Admin",207,"null","Command","close"
"Mon May 28 2018 13:27:00","Naseh","Admin",209,"null","Command","close"
"Mon May 28 2018 13:27:00","Naseh","Admin",226,"null","Command","close"
"Mon May 28 2018 13:27:00","Naseh","Admin",213,"null","Command","close"
"Mon May 28 2018 13:28:00","Naseh","Admin",205,"null","Command","close"
"Mon May 28 2018 13:28:00","Naseh","Admin",202,"null","Command","close"
"Mon May 28 2018 13:28:00","Naseh","Admin",226,"null","Command","close"
"Mon May 28 2018 13:28:00","Naseh","Admin",207,"null","Command","close"
"Mon May 28 2018 13:28:00","Naseh","Admin",209,"null","Command","close"
"Mon May 28 2018 13:28:00","Naseh","Admin",206,"null","Command","close"
"Mon May 28 2018 13:28:00","Naseh","Admin",213,"null","Command","close"
"Mon May 28 2018 13:30:01","Naseh","Admin",205,"null","Command","close"
"Mon May 28 2018 13:30:01","Naseh","Admin",209,"null","Command","close"
"Mon May 28 2018 13:30:01","Naseh","Admin",226,"null","Command","close"
"Mon May 28 2018 13:30:01","Naseh","Admin",206,"null","Command","close"
"Mon May 28 2018 13:30:01","Naseh","Admin",202,"null","Command","close"
"Mon May 28 2018 13:30:01","Naseh","Admin",207,"null","Command","close"
"Mon May 28 2018 13:30:01","Naseh","Admin",213,"null","Command","close"
"Mon May 28 2018 13:31:53","Naseh","Admin",205,"null","Command","open"
"Mon May 28 2018 13:31:53","Naseh","Admin",202,"null","Command","open"
"Mon May 28 2018 13:32:00","Naseh","Admin",205,"null","Command","close"
"Mon May 28 2018 13:32:00","Naseh","Admin",202,"null","Command","close"
"Mon May 28 2018 13:32:00","Naseh","Admin",226,"null","Command","close"
"Mon May 28 2018 13:32:00","Naseh","Admin",209,"null","Command","close"
"Mon May 28 2018 13:32:00","Naseh","Admin",207,"null","Command","close"
"Mon May 28 2018 13:32:00","Naseh","Admin",213,"null","Command","close"
"Mon May 28 2018 13:32:00","Naseh","Admin",206,"null","Command","close"
"Mon May 28 2018 13:33:26","Naseh","Admin",202,"null","Command","open"
"Mon May 28 2018 13:33:26","Naseh","Admin",205,"null","Command","open"
"Mon May 28 2018 13:33:27","Naseh","Admin",209,"null","Command","open"
"Mon May 28 2018 13:33:35","Naseh","Admin",209,"null","Command","close"
"Mon May 28 2018 13:33:36","Naseh","Admin",202,"null","Command","close"
"Mon May 28 2018 13:33:36","Naseh","Admin",205,"null","Command","close"
"Mon May 28 2018 13:34:00","Naseh","Admin",205,"null","Command","close"
"Mon May 28 2018 13:34:00","Naseh","Admin",202,"null","Command","close"
"Mon May 28 2018 13:34:00","Naseh","Admin",209,"null","Command","close"
"Mon May 28 2018 13:34:00","Naseh","Admin",213,"null","Command","close"
"Mon May 28 2018 13:34:00","Naseh","Admin",207,"null","Command","close"
"Mon May 28 2018 13:34:00","Naseh","Admin",226,"null","Command","close"
"Mon May 28 2018 13:34:00","Naseh","Admin",206,"null","Command","close"
"Mon May 28 2018 13:34:32","Naseh","Admin",205,"null","Command","open"
"Mon May 28 2018 13:34:42","Naseh","Admin",205,"null","Command","open"
"Mon May 28 2018 13:34:43","Naseh","Admin",209,"null","Command","open"
"Mon May 28 2018 13:34:50","Naseh","Admin",202,"null","Command","open"
"Mon May 28 2018 13:34:54","Naseh","Admin",202,"null","Command","close"
"Mon May 28 2018 13:34:55","Naseh","Admin",205,"null","Command","close"
"Mon May 28 2018 13:35:01","Naseh","Admin",205,"null","Command","close"
"Mon May 28 2018 13:35:01","Naseh","Admin",202,"null","Command","close"
"Mon May 28 2018 13:35:01","Naseh","Admin",209,"null","Command","close"
"Mon May 28 2018 13:35:01","Naseh","Admin",207,"null","Command","close"
"Mon May 28 2018 13:35:01","Naseh","Admin",226,"null","Command","close"
"Mon May 28 2018 13:35:01","Naseh","Admin",206,"null","Command","close"
"Mon May 28 2018 13:35:01","Naseh","Admin",213,"null","Command","close"
"Mon May 28 2018 13:38:23","Naseh","Admin",205,"null","Command","open"
"Mon May 28 2018 13:38:24","Naseh","Admin",202,"null","Command","open"
"Mon May 28 2018 13:38:33","Naseh","Admin",209,"null","Command","open"
"Mon May 28 2018 13:38:33","Naseh","Admin",202,"null","Command","close"
"Mon May 28 2018 13:38:33","Naseh","Admin",205,"null","Command","close"
"Mon May 28 2018 13:38:34","Naseh","Admin",202,"null","Command","open"
"Mon May 28 2018 13:38:39","Naseh","Admin",226,"null","Command","open"
"Mon May 28 2018 13:38:40","Naseh","Admin",207,"null","Command","open"
"Mon May 28 2018 13:38:40","Naseh","Admin",226,"null","Command","close"
"Mon May 28 2018 13:38:41","Naseh","Admin",226,"null","Command","open"
"Mon May 28 2018 13:38:41","Naseh","Admin",207,"null","Command","close"
"Mon May 28 2018 13:38:42","Naseh","Admin",226,"null","Command","close"
"Mon May 28 2018 13:38:42","Naseh","Admin",207,"null","Command","open"
"Mon May 28 2018 13:38:59","Naseh","Admin",226,"null","Command","open"
"Mon May 28 2018 13:38:59","Naseh","Admin",207,"null","Command","close"
"Mon May 28 2018 13:38:59","Naseh","Admin",226,"null","Command","close"
"Mon May 28 2018 13:39:00","Naseh","Admin",207,"null","Command","open"
"Mon May 28 2018 13:39:01","Naseh","Admin",205,"null","Command","close"
"Mon May 28 2018 13:39:01","Naseh","Admin",202,"null","Command","close"
"Mon May 28 2018 13:39:01","Naseh","Admin",207,"null","Command","close"
"Mon May 28 2018 13:39:01","Naseh","Admin",226,"null","Command","close"
"Mon May 28 2018 13:39:01","Naseh","Admin",209,"null","Command","close"
"Mon May 28 2018 13:39:01","Naseh","Admin",206,"null","Command","close"
"Mon May 28 2018 13:39:01","Naseh","Admin",213,"null","Command","close"
"Mon May 28 2018 13:40:56","Naseh","Admin",205,"null","Command","open"
"Mon May 28 2018 13:40:57","Naseh","Admin",202,"null","Command","open"
"Mon May 28 2018 13:40:57","Naseh","Admin",205,"null","Command","close"
"Mon May 28 2018 13:40:58","Naseh","Admin",202,"null","Command","close"
"Mon May 28 2018 13:40:58","Naseh","Admin",205,"null","Command","open"
"Mon May 28 2018 13:41:06","Naseh","Admin",202,"null","Command","open"
"Mon May 28 2018 13:41:09","Naseh","Admin",205,"null","Command","close"
"Mon May 28 2018 13:41:12","Naseh","Admin",205,"null","Command","open"
"Mon May 28 2018 13:41:13","Naseh","Admin",202,"null","Command","close"
"Mon May 28 2018 14:25:46","Naseh","Admin",202,"null","Command","open"
"Mon May 28 2018 14:25:52","Naseh","Admin",202,"null","Command","close"
"Mon May 28 2018 14:25:53","Naseh","Admin",209,"null","Command","open"
"Mon May 28 2018 14:26:14","Naseh","Admin",202,"null","Command","open"
"Mon May 28 2018 14:26:17","Naseh","Admin",202,"null","Command","close"
"Mon May 28 2018 14:26:17","Naseh","Admin",202,"null","Command","close"
"Mon May 28 2018 14:26:17","Naseh","Admin",202,"null","Command","close"
"Mon May 28 2018 14:26:18","Naseh","Admin",202,"null","Command","close"
"Mon May 28 2018 14:26:18","Naseh","Admin",202,"null","Command","close"
"Mon May 28 2018 14:26:18","Naseh","Admin",202,"null","Command","open"
"Mon May 28 2018 14:26:18","Naseh","Admin",202,"null","Command","open"
"Mon May 28 2018 14:26:18","Naseh","Admin",202,"null","Command","close"
"Mon May 28 2018 14:26:18","Naseh","Admin",202,"null","Command","close"
"Mon May 28 2018 14:26:19","Naseh","Admin",202,"null","Command","open"
"Mon May 28 2018 14:26:19","Naseh","Admin",202,"null","Command","close"
"Mon May 28 2018 14:26:19","Naseh","Admin",202,"null","Command","open"
"Mon May 28 2018 14:26:20","Naseh","Admin",205,"null","Command","close"
"Mon May 28 2018 14:26:22","Naseh","Admin",209,"null","Command","close"
"Mon May 28 2018 14:28:02","Naseh","Admin",205,"null","Command","open"
"Mon May 28 2018 14:28:03","Naseh","Admin",205,"null","Command","close"
"Mon May 28 2018 14:28:05","Naseh","Admin",202,"null","Command","close"
"Mon May 28 2018 14:28:07","Naseh","Admin",209,"null","Command","open"
"Mon May 28 2018 14:28:08","Naseh","Admin",209,"null","Command","open"
"Mon May 28 2018 14:28:15","Naseh","Admin",202,"null","Command","open"
"Mon May 28 2018 14:28:21","Naseh","Admin",202,"null","Command","close"
"Mon May 28 2018 14:28:28","Naseh","Admin",202,"null","Command","open"
"Mon May 28 2018 14:28:29","Naseh","Admin",202,"null","Command","close"
"Mon May 28 2018 14:28:43","Naseh","Admin",209,"null","Command","close"
"Mon May 28 2018 14:28:46","Naseh","Admin",202,"null","Command","open"
"Mon May 28 2018 14:28:48","Naseh","Admin",202,"null","Command","close"
"Mon May 28 2018 14:29:32","Naseh","Admin",202,"null","Command","open"
"Mon May 28 2018 14:30:00","Naseh","Admin",202,"null","Command","close"
"Mon May 28 2018 14:30:00","Naseh","Admin",205,"null","Command","close"
"Mon May 28 2018 14:30:00","Naseh","Admin",209,"null","Command","close"
"Mon May 28 2018 14:30:00","Naseh","Admin",207,"null","Command","close"
"Mon May 28 2018 14:30:00","Naseh","Admin",206,"null","Command","close"
"Mon May 28 2018 14:30:00","Naseh","Admin",226,"null","Command","close"
"Mon May 28 2018 14:30:00","Naseh","Admin",213,"null","Command","close"
"Mon May 28 2018 14:30:55","Naseh","Admin",202,"null","Command","open"
"Mon May 28 2018 14:30:58","Naseh","Admin",202,"null","Command","close"
"Mon May 28 2018 14:31:48","Naseh","Admin",202,"null","Command","open"
"Mon May 28 2018 14:31:56","Naseh","Admin",202,"null","Command","close"
"Mon May 28 2018 14:32:37","Naseh","Admin",202,"null","Command","open"
"Mon May 28 2018 14:32:39","Naseh","Admin",202,"null","Command","close"
"Mon May 28 2018 14:33:14","Naseh","Admin",202,"null","Command","open"
"Mon May 28 2018 14:33:17","Naseh","Admin",202,"null","Command","close"
"Mon May 28 2018 14:34:54","Naseh","Admin",202,"null","Command","open"
"Mon May 28 2018 14:34:55","Naseh","Admin",202,"null","Command","close"
"Mon May 28 2018 14:38:19","Naseh","Admin",202,"null","Command","open"
"Mon May 28 2018 14:38:20","Naseh","Admin",202,"null","Command","close"
"Mon May 28 2018 14:38:26","Naseh","Admin",206,"null","Command","open"
"Mon May 28 2018 14:38:34","Naseh","Admin",205,"null","Command","open"
"Mon May 28 2018 14:38:36","Naseh","Admin",205,"null","Command","close"
"Mon May 28 2018 14:40:48","Test 1","teacher",0,"null","Access","Authenticated / RFID : 24425436225207"
"Mon May 28 2018 14:40:48","Test 1","teacher",0,"null","Access","Authenticated / RFID : 24425436225207"
"Mon May 28 2018 14:40:48","Test 1","teacher",0,"null","Access","Authenticated / RFID : 24425436225207"
"Mon May 28 2018 14:40:48","Test 1","teacher",0,"null","Access","Authenticated / RFID : 24425436225207"
"Mon May 28 2018 14:40:48","Test 1","teacher",0,"null","Access","Authenticated / RFID : 24425436225207"
"Mon May 28 2018 14:40:48","Test 1","teacher",0,"null","Access","Authenticated / RFID : 24425436225207"
"Mon May 28 2018 14:40:48","Test 1","teacher",0,"null","Access","Authenticated / RFID : 24425436225207"
"Mon May 28 2018 14:40:48","Test 1","teacher",0,"null","Access","Authenticated / RFID : 24425436225207"
"Mon May 28 2018 14:40:48","Test 1","teacher",0,"null","Access","Authenticated / RFID : 24425436225207"
"Mon May 28 2018 14:40:49","Test 1","teacher",0,"null","Access","Authenticated / RFID : 24425436225207"
"Mon May 28 2018 14:40:49","Test 1","teacher",0,"null","Access","Authenticated / RFID : 24425436225207"
"Mon May 28 2018 14:40:51","Test 1","teacher",0,"null","Access","Authenticated / RFID : 24425436225207"
"Mon May 28 2018 14:40:51","Test 1","teacher",0,"null","Access","Authenticated / RFID : 24425436225207"
"Mon May 28 2018 14:40:51","Test 1","teacher",0,"null","Access","Authenticated / RFID : 24425436225207"
"Mon May 28 2018 14:40:51","Test 1","teacher",0,"null","Access","Authenticated / RFID : 24425436225207"
"Mon May 28 2018 14:40:51","Test 1","teacher",0,"null","Access","Authenticated / RFID : 24425436225207"
"Mon May 28 2018 14:40:51","Test 1","teacher",0,"null","Access","Authenticated / RFID : 24425436225207"
"Mon May 28 2018 14:40:53","Test 1","teacher",0,"null","Access","Authenticated / RFID : 24425436225207"
"Mon May 28 2018 14:40:53","Test 1","teacher",0,"null","Access","Authenticated / RFID : 24425436225207"
"Mon May 28 2018 14:40:53","Test 1","teacher",0,"null","Access","Authenticated / RFID : 24425436225207"
"Mon May 28 2018 14:40:53","Test 1","teacher",0,"null","Access","Authenticated / RFID : 24425436225207"
"Mon May 28 2018 14:40:53","Test 1","teacher",0,"null","Access","Authenticated / RFID : 24425436225207"
"Mon May 28 2018 14:40:53","null","null",0,"null","Access","Not Authenticated / RFID : 03236225207"
"Mon May 28 2018 14:40:57","Test 1","teacher",0,"null","Access","Authenticated / RFID : 24425436225207"
"Mon May 28 2018 14:40:57","Test 1","teacher",0,"null","Access","Authenticated / RFID : 24425436225207"
"Mon May 28 2018 14:40:57","Test 1","teacher",0,"null","Access","Authenticated / RFID : 24425436225207"
"Mon May 28 2018 14:40:57","Test 1","teacher",0,"null","Access","Authenticated / RFID : 24425436225207"
"Mon May 28 2018 14:40:57","Test 1","teacher",0,"null","Access","Authenticated / RFID : 24425436225207"
"Mon May 28 2018 14:40:57","Test 1","teacher",0,"null","Access","Authenticated / RFID : 24425436225207"
"Mon May 28 2018 14:40:57","Test 1","teacher",0,"null","Access","Authenticated / RFID : 24425436225207"
"Mon May 28 2018 14:40:57","Test 1","teacher",0,"null","Access","Authenticated / RFID : 24425436225207"
"Mon May 28 2018 14:40:58","Test 1","teacher",0,"null","Access","Authenticated / RFID : 24425436225207"
"Mon May 28 2018 14:40:58","Test 1","teacher",0,"null","Access","Authenticated / RFID : 24425436225207"
"Mon May 28 2018 14:40:58","Test 1","teacher",0,"null","Access","Authenticated / RFID : 24425436225207"
"Mon May 28 2018 14:40:58","Test 1","teacher",0,"null","Access","Authenticated / RFID : 24425436225207"
"Mon May 28 2018 14:42:03",,"Admin",226,,"Admin","Create"
"Mon May 28 2018 14:42:28","Test 1","teacher",0,"null","Access","Authenticated / RFID : 24425436225207"
"Mon May 28 2018 14:42:28","Test 1","teacher",226,"xxx","Access","Authorized"
"Mon May 28 2018 14:42:34","Test 1","teacher",226,"xxx","Command","open"
"Mon May 28 2018 14:42:34","Test 1","teacher",226,,"logout","before time"
"Mon May 28 2018 14:42:28","Test 1","teacher",226,"xxx","Access","logged out"
"Mon May 28 2018 14:42:44","Test 1","teacher",0,"null","Access","Authenticated / RFID : 24425436225207"
"Mon May 28 2018 14:42:44","Test 1","teacher",226,"xxx","Access","Authorized"
"Mon May 28 2018 14:42:46","Test 1","teacher",202,"Project Room","Command","open"
"Mon May 28 2018 14:42:48","Test 1","teacher",0,"null","Access","Authenticated / RFID : 24425436225207"
"Mon May 28 2018 14:42:48","Test 1","teacher",226,"xxx","Access","Authorized"
"Mon May 28 2018 14:42:52","Test 1","teacher",226,"xxx","Command","close"
"Mon May 28 2018 14:42:52","Test 1","teacher",226,,"logout","before time"
"Mon May 28 2018 14:42:44","Test 1","teacher",226,"xxx","Access","logged out"
"Mon May 28 2018 14:42:48","Test 1","teacher",226,"xxx","Access","logged out"
"Mon May 28 2018 14:43:26","Test 1","admin",202,"Project Room","timeout","timeout-close"
"Mon May 28 2018 14:43:26","Naseh","Admin",202,"null","Command","close"
"Mon May 28 2018 14:44:00","Test 1","teacher",0,"null","Access","Authenticated / RFID : 24425436225207"
"Mon May 28 2018 14:44:00","Test 1","teacher",226,"xxx","Access","Authorized"
"Mon May 28 2018 14:44:01","Test 1","teacher",226,"xxx","Command","open"
"Mon May 28 2018 14:44:01","Test 1","teacher",226,,"logout","before time"
"Mon May 28 2018 14:44:03","Test 1","teacher",0,"null","Access","Authenticated / RFID : 24425436225207"
"Mon May 28 2018 14:44:03","Test 1","teacher",226,"xxx","Access","Authorized"
"Mon May 28 2018 14:44:07","Test 1","teacher",226,"xxx","Command","close"
"Mon May 28 2018 14:44:07","Test 1","teacher",226,,"logout","before time"
"Mon May 28 2018 14:44:00","Test 1","teacher",226,"xxx","Access","logged out"
"Mon May 28 2018 14:44:03","Test 1","teacher",226,"xxx","Access","logged out"
"Mon May 28 2018 14:44:23","Test 1","teacher",0,"null","Access","Authenticated / RFID : 24425436225207"
"Mon May 28 2018 14:44:23","Test 1","teacher",226,"xxx","Access","Authorized"
"Mon May 28 2018 14:44:23","Test 1","teacher",226,"xxx","Access","logged out"
"Mon May 28 2018 14:44:36","Test 1","teacher",0,"null","Access","Authenticated / RFID : 24425436225207"
"Mon May 28 2018 14:44:36","Test 1","teacher",226,"xxx","Access","Authorized"
"Mon May 28 2018 14:44:38","Test 1","teacher",226,"xxx","Command","open"
"Mon May 28 2018 14:44:38","Test 1","teacher",226,,"logout","before time"
"Mon May 28 2018 14:44:39","Test 1","teacher",0,"null","Access","Authenticated / RFID : 24425436225207"
"Mon May 28 2018 14:44:39","Test 1","teacher",226,"xxx","Access","Authorized"
"Mon May 28 2018 14:44:36","Test 1","teacher",226,"xxx","Access","logged out"
"Mon May 28 2018 14:44:39","Test 1","teacher",226,"xxx","Access","logged out"
"Mon May 28 2018 14:44:48","Test 1","teacher",0,"null","Access","Authenticated / RFID : 24425436225207"
"Mon May 28 2018 14:44:48","Test 1","teacher",226,"xxx","Access","Authorized"
"Mon May 28 2018 14:44:52","Test 1","teacher",226,"xxx","Command","close"
"Mon May 28 2018 14:44:52","Test 1","teacher",226,,"logout","before time"
"Mon May 28 2018 14:44:54","Test 1","teacher",0,"null","Access","Authenticated / RFID : 24425436225207"
"Mon May 28 2018 14:44:54","Test 1","teacher",226,"xxx","Access","Authorized"
"Mon May 28 2018 14:44:56","Test 1","teacher",226,"xxx","Command","open"
"Mon May 28 2018 14:44:56","Test 1","teacher",226,,"logout","before time"
"Mon May 28 2018 14:44:48","Test 1","teacher",226,"xxx","Access","logged out"
"Mon May 28 2018 14:44:54","Test 1","teacher",226,"xxx","Access","logged out"
"Mon May 28 2018 14:47:04","Naseh","Admin",207,"null","Command","open"
"Mon May 28 2018 14:47:05","Naseh","Admin",207,"null","Command","close"
"Mon May 28 2018 14:47:07","Naseh","Admin",226,"null","Command","close"
"Mon May 28 2018 14:47:09","Naseh","Admin",206,"null","Command","close"
"Mon May 28 2018 14:47:11","Naseh","Admin",202,"null","Command","open"
"Mon May 28 2018 14:47:12","Naseh","Admin",202,"null","Command","close"
"Mon May 28 2018 14:49:19","Naseh","Admin",207,"null","Command","open"
"Mon May 28 2018 14:54:05","Naseh","Admin",205,"null","Command","open"
"Mon May 28 2018 14:54:06","Naseh","Admin",205,"null","Command","close"
"Mon May 28 2018 14:54:21","null","null",0,"null","Access","Not Authenticated / RFID : kiri"
"Mon May 28 2018 14:54:27","Rahimiyan","student",0,"null","Access","Authenticated / RFID : 170230912514"
"Mon May 28 2018 14:54:27","Rahimiyan","student",213,"Msc. Computer site","Access","Authorized"
"Mon May 28 2018 14:54:34","Rahimiyan","student",213,"Msc. Computer site","Command","open"
"Mon May 28 2018 14:54:27","Rahimiyan","student",213,"Msc. Computer site","Access","logged out"
"Mon May 28 2018 14:55:32","Test 1","teacher",0,"null","Access","Authenticated / RFID : 24425436225207"
"Mon May 28 2018 14:55:32","Test 1","teacher",226,"xxx","Access","Authorized"
"Mon May 28 2018 14:55:34","Test 1","teacher",202,"Project Room","Command","open"
"Mon May 28 2018 14:55:34","Elec , Comm Department","admin",213,"Msc. Computer site","timeout","timeout-student"
"Mon May 28 2018 14:55:34","Naseh","Admin",213,"null","Command","close"
"Mon May 28 2018 14:55:39","Test 1","teacher",0,"null","Access","Authenticated / RFID : 24425436225207"
"Mon May 28 2018 14:55:39","Test 1","teacher",226,"xxx","Access","Authorized"
"Mon May 28 2018 14:55:32","Test 1","teacher",226,"xxx","Access","logged out"
"Mon May 28 2018 14:55:39","Test 1","teacher",226,"xxx","Access","logged out"
"Mon May 28 2018 14:55:48","Test 1","teacher",0,"null","Access","Authenticated / RFID : 24425436225207"
"Mon May 28 2018 14:55:48","Test 1","teacher",226,"xxx","Access","Authorized"
"Mon May 28 2018 14:55:51","Test 1","teacher",226,"xxx","Command","open"
"Mon May 28 2018 14:55:51","Test 1","teacher",226,,"logout","before time"
"Mon May 28 2018 14:55:55","Test 1","teacher",0,"null","Access","Authenticated / RFID : 24425436225207"
"Mon May 28 2018 14:55:55","Test 1","teacher",226,"xxx","Access","Authorized"
"Mon May 28 2018 14:55:48","Test 1","teacher",226,"xxx","Access","logged out"
"Mon May 28 2018 14:56:00","Test 1","teacher",0,"null","Access","Authenticated / RFID : 24425436225207"
"Mon May 28 2018 14:56:01","Test 1","teacher",226,"xxx","Access","Authorized"
"Mon May 28 2018 14:56:02","Test 1","teacher",202,"Project Room","Command","open"
"Mon May 28 2018 14:55:55","Test 1","teacher",226,"xxx","Access","logged out"
"Mon May 28 2018 14:56:01","Test 1","teacher",226,"xxx","Access","logged out"
"Mon May 28 2018 14:56:14","Test 1","admin",202,"Project Room","timeout","timeout-close"
"Mon May 28 2018 14:56:14","Naseh","Admin",202,"null","Command","close"
"Mon May 28 2018 14:56:42","Naseh","Admin",202,"null","Command","close"
"Mon May 28 2018 14:56:42","Test 1","admin",202,"Project Room","timeout","timeout-close"
"Mon May 28 2018 14:56:49","Naseh","Admin",202,"null","Command","open"
"Mon May 28 2018 14:56:50","Naseh","Admin",202,"null","Command","close"
"Mon May 28 2018 14:56:51","Naseh","Admin",202,"null","Command","open"
"Mon May 28 2018 14:57:14","sabet","superuser",0,"null","Access","Authenticated / RFID : 63201221137162"
"Mon May 28 2018 14:57:37","Naseh","Admin",226,"null","Command","open"
"Mon May 28 2018 14:57:38","Naseh","Admin",202,"null","Command","close"
"Mon May 28 2018 14:57:40","Naseh","Admin",226,"null","Command","close"
"Mon May 28 2018 14:57:46","Naseh","Admin",206,"null","Command","open"
"Mon May 28 2018 14:58:35","Naseh","Admin",209,"null","Command","open"
"Mon May 28 2018 14:58:36","Naseh","Admin",202,"null","Command","open"
"Mon May 28 2018 14:58:36","Naseh","Admin",205,"null","Command","open"
"Mon May 28 2018 14:58:37","Naseh","Admin",226,"null","Command","open"
"Mon May 28 2018 14:58:38","Naseh","Admin",213,"null","Command","open"
"Mon May 28 2018 15:00:00","Naseh","Admin",205,"null","Command","close"
"Mon May 28 2018 15:00:00","Naseh","Admin",202,"null","Command","close"
"Mon May 28 2018 15:00:00","Naseh","Admin",207,"null","Command","close"
"Mon May 28 2018 15:00:00","Naseh","Admin",213,"null","Command","close"
"Mon May 28 2018 15:00:00","Naseh","Admin",226,"null","Command","close"
"Mon May 28 2018 15:00:00","Naseh","Admin",206,"null","Command","close"
"Mon May 28 2018 15:00:00","Naseh","Admin",209,"null","Command","close"
"Mon May 28 2018 15:04:50","Naseh","Admin",207,"null","Command","open"
"Mon May 28 2018 15:04:50","Naseh","Admin",209,"null","Command","open"
"Mon May 28 2018 15:04:51","Naseh","Admin",206,"null","Command","open"
"Mon May 28 2018 15:04:53","Naseh","Admin",213,"null","Command","open"
"Mon May 28 2018 15:04:53","Naseh","Admin",226,"null","Command","open"
"Mon May 28 2018 15:04:54","Naseh","Admin",205,"null","Command","open"
"Mon May 28 2018 15:04:55","Naseh","Admin",202,"null","Command","open"
"Mon May 28 2018 15:05:00","Naseh","Admin",205,"null","Command","close"
"Mon May 28 2018 15:05:00","Naseh","Admin",202,"null","Command","close"
"Mon May 28 2018 15:05:00","Naseh","Admin",209,"null","Command","close"
"Mon May 28 2018 15:05:00","Naseh","Admin",207,"null","Command","close"
"Mon May 28 2018 15:05:00","Naseh","Admin",226,"null","Command","close"
"Mon May 28 2018 15:05:00","Naseh","Admin",206,"null","Command","close"
"Mon May 28 2018 15:05:00","Naseh","Admin",213,"null","Command","close"
"Mon May 28 2018 15:06:16","sabet","superuser",0,"null","Access","Authenticated / RFID : 63201221137162"
"Mon May 28 2018 15:06:19","Naseh","Admin",205,"null","Command","open"
"Mon May 28 2018 15:06:21","Naseh","Admin",205,"null","Command","close"
"Mon May 28 2018 15:06:22","Naseh","Admin",202,"null","Command","open"
"Mon May 28 2018 15:06:23","Naseh","Admin",202,"null","Command","close"
"Mon May 28 2018 15:06:24","Naseh","Admin",209,"null","Command","open"
"Mon May 28 2018 15:06:24","Naseh","Admin",209,"null","Command","close"
"Mon May 28 2018 15:06:26","Naseh","Admin",226,"null","Command","open"
"Mon May 28 2018 15:06:29","Naseh","Admin",226,"null","Command","close"
"Mon May 28 2018 15:06:31","Naseh","Admin",206,"null","Command","open"
"Mon May 28 2018 15:06:33","Naseh","Admin",206,"null","Command","close"
"Mon May 28 2018 15:06:35","Naseh","Admin",213,"null","Command","open"
"Mon May 28 2018 15:06:37","Naseh","Admin",213,"null","Command","close"
"Mon May 28 2018 15:06:40","Naseh","Admin",206,"null","Command","open"
"Mon May 28 2018 15:06:41","Naseh","Admin",206,"null","Command","close"
"Mon May 28 2018 15:06:44","Naseh","Admin",213,"null","Command","open"
"Mon May 28 2018 15:06:48","Naseh","Admin",213,"null","Command","close"
"Mon May 28 2018 15:12:00","Naseh","Admin",205,"null","Command","close"
"Mon May 28 2018 15:12:00","Naseh","Admin",202,"null","Command","close"
"Mon May 28 2018 15:12:00","Naseh","Admin",226,"null","Command","close"
"Mon May 28 2018 15:12:00","Naseh","Admin",209,"null","Command","close"
"Mon May 28 2018 15:12:00","Naseh","Admin",207,"null","Command","close"
"Mon May 28 2018 15:12:00","Naseh","Admin",206,"null","Command","close"
"Mon May 28 2018 15:12:00","Naseh","Admin",213,"null","Command","close"
"Mon May 28 2018 15:12:59","Naseh","Admin",205,"null","Command","open"
"Mon May 28 2018 15:12:59","Naseh","Admin",205,"null","Command","open"
"Mon May 28 2018 15:13:00","Naseh","Admin",205,"null","Command","close"
"Mon May 28 2018 15:13:00","Naseh","Admin",202,"null","Command","close"
"Mon May 28 2018 15:13:00","Naseh","Admin",209,"null","Command","close"
"Mon May 28 2018 15:13:00","Naseh","Admin",207,"null","Command","close"
"Mon May 28 2018 15:13:00","Naseh","Admin",226,"null","Command","close"
"Mon May 28 2018 15:13:00","Naseh","Admin",206,"null","Command","close"
"Mon May 28 2018 15:13:00","Naseh","Admin",213,"null","Command","close"
"Mon May 28 2018 15:13:01","Naseh","Admin",202,"null","Command","open"
"Mon May 28 2018 15:13:01","Naseh","Admin",205,"null","Command","open"
"Mon May 28 2018 15:13:03","Naseh","Admin",207,"null","Command","open"
"Mon May 28 2018 15:13:31","Naseh","Admin",205,"null","Command","close"
"Mon May 28 2018 15:13:32","Naseh","Admin",205,"null","Command","open"
"Mon May 28 2018 15:13:33","Naseh","Admin",202,"null","Command","close"
"Mon May 28 2018 15:13:33","Naseh","Admin",202,"null","Command","open"
"Mon May 28 2018 15:13:34","Naseh","Admin",209,"null","Command","open"
"Mon May 28 2018 15:13:34","Naseh","Admin",209,"null","Command","open"
"Mon May 28 2018 15:13:35","Naseh","Admin",207,"null","Command","close"
"Mon May 28 2018 15:13:36","Naseh","Admin",207,"null","Command","close"
"Mon May 28 2018 15:13:37","Naseh","Admin",207,"null","Command","open"
"Mon May 28 2018 15:13:38","Naseh","Admin",226,"null","Command","open"
"Mon May 28 2018 15:13:40","Naseh","Admin",206,"null","Command","open"
"Mon May 28 2018 15:14:00","Naseh","Admin",205,"null","Command","close"
"Mon May 28 2018 15:14:01","Naseh","Admin",202,"null","Command","close"
"Mon May 28 2018 15:14:01","Naseh","Admin",209,"null","Command","close"
"Mon May 28 2018 15:14:01","Naseh","Admin",207,"null","Command","close"
"Mon May 28 2018 15:14:01","Naseh","Admin",226,"null","Command","close"
"Mon May 28 2018 15:14:01","Naseh","Admin",206,"null","Command","close"
"Mon May 28 2018 15:14:01","Naseh","Admin",213,"null","Command","close"
"Mon May 28 2018 15:16:12","Naseh","Admin",205,"null","Command","close"
"Mon May 28 2018 15:16:12","Naseh","Admin",202,"null","Command","close"
"Mon May 28 2018 15:16:13","Naseh","Admin",209,"null","Command","close"
"Mon May 28 2018 15:16:13","Naseh","Admin",207,"null","Command","close"
"Mon May 28 2018 15:16:13","Naseh","Admin",226,"null","Command","close"
"Mon May 28 2018 15:16:13","Naseh","Admin",206,"null","Command","close"
"Mon May 28 2018 15:16:13","Naseh","Admin",213,"null","Command","close"
"Mon May 28 2018 15:16:24","Naseh","Admin",205,"null","Command","open"
"Mon May 28 2018 15:16:25","Naseh","Admin",209,"null","Command","open"
"Mon May 28 2018 15:24:25","Naseh","Admin",205,"null","Command","close"
"Mon May 28 2018 15:24:25","Naseh","Admin",209,"null","Command","close"
"Mon May 28 2018 15:24:31","Naseh","Admin",205,"null","Command","open"
"Mon May 28 2018 15:24:32","Naseh","Admin",209,"null","Command","open"
"Mon May 28 2018 15:24:33","Naseh","Admin",207,"null","Command","open"
"Mon May 28 2018 15:24:35","Naseh","Admin",202,"null","Command","open"
,,,,,,
,,,,,,
,,,,,,
,,,,,,
,,,,,,
,,,,,,
,,,,,,
,,,,,,
,,,,,,
,,,,,,
,,,,,,
,,,,,,
,,,,,,
"Mon May 28 2018 15:30:56","Naseh","Admin",205,"null","Command","open"
"Mon May 28 2018 15:30:57","Naseh","Admin",202,"null","Command","open"
,,,,,,
,,,,,,
,,,,,,
,,,,,,
,,,,,,
,,,,,,
,,,,,,
"Mon May 28 2018 15:31:54","Naseh","Admin",207,"null","Command","open"
"Mon May 28 2018 15:31:55","Naseh","Admin",207,"null","Command","close"
"Mon May 28 2018 15:32:00","Naseh","Admin",202,"null","Command","open"
"Mon May 28 2018 15:32:01","Naseh","Admin",202,"null","Command","close"
,,,,,,
,,,,,,
"Mon May 28 2018 15:34:50","Naseh","Admin",205,"null","Command","open"
"Mon May 28 2018 15:34:51","Naseh","Admin",202,"null","Command","open"
"Mon May 28 2018 15:34:56","Naseh","Admin",202,"null","Command","close"
"Mon May 28 2018 15:34:59","Naseh","Admin",202,"null","Command","open"
,,,,,,
,,,,,,
"Mon May 28 2018 15:35:01","Naseh","Admin",207,"null","Command","open"
,,,,,,
,,,,,,
"Mon May 28 2018 15:35:02","Naseh","Admin",226,"null","Command","open"
,,,,,,
,,,,,,
,,,,,,
,,,,,,
,,,,,,
,,,,,,
,,,,,,
,,,,,,
"Mon May 28 2018 15:36:25","Naseh","Admin",205,"null","Command","open"
,,,,,,
"Mon May 28 2018 15:36:27","Naseh","Admin",205,"null","Command","close"
"Mon May 28 2018 15:36:28","Naseh","Admin",202,"null","Command","open"
"Mon May 28 2018 15:36:29","Naseh","Admin",202,"null","Command","close"
"Mon May 28 2018 15:36:30","Naseh","Admin",209,"null","Command","open"
"Mon May 28 2018 15:36:30","Naseh","Admin",209,"null","Command","close"
"Mon May 28 2018 15:36:32","Naseh","Admin",207,"null","Command","open"
"Mon May 28 2018 15:36:33","Naseh","Admin",207,"null","Command","close"
"Mon May 28 2018 15:36:34","Naseh","Admin",226,"null","Command","open"
"Mon May 28 2018 15:36:34","Naseh","Admin",226,"null","Command","open"
"Mon May 28 2018 15:36:36","Naseh","Admin",226,"null","Command","close"
"Mon May 28 2018 15:36:37","Naseh","Admin",206,"null","Command","open"
"Mon May 28 2018 15:36:38","Naseh","Admin",206,"null","Command","close"
"Mon May 28 2018 15:36:40","Naseh","Admin",213,"null","Command","open"
"Mon May 28 2018 15:36:41","Naseh","Admin",213,"null","Command","close"
"Mon May 28 2018 15:36:42","Naseh","Admin",205,"null","Command","open"
"Mon May 28 2018 15:36:44","Naseh","Admin",209,"null","Command","open"
"Mon May 28 2018 15:36:59","Naseh","Admin",202,"null","Command","open"
"Mon May 28 2018 15:37:01","Naseh","Admin",207,"null","Command","open"
"Mon May 28 2018 15:37:02","Naseh","Admin",206,"null","Command","open"
"Mon May 28 2018 15:37:04","Naseh","Admin",226,"null","Command","open"
"Mon May 28 2018 15:37:06","Naseh","Admin",213,"null","Command","open"
"Mon May 28 2018 15:37:13","Naseh","Admin",202,"null","Command","close"
"Mon May 28 2018 15:37:14","Naseh","Admin",202,"null","Command","open"
,,,,,,
,,,,,,
,,,,,,
,,,,,,
,,,,,,
,,,,,,
,,,,,,
,,,,,,
,,,,,,
,,,,,,
"Mon May 28 2018 15:44:10","Naseh","Admin",205,"null","Command","open"
"Mon May 28 2018 15:44:11","Naseh","Admin",202,"null","Command","open"
,,,,,,
"Mon May 28 2018 15:44:12","Naseh","Admin",209,"null","Command","open"
"Mon May 28 2018 15:44:13","Naseh","Admin",209,"null","Command","close"
,,,,,,
"Mon May 28 2018 15:44:14","Naseh","Admin",209,"null","Command","open"
"Mon May 28 2018 15:44:15","Naseh","Admin",202,"null","Command","close"
"Mon May 28 2018 15:44:16","Naseh","Admin",202,"null","Command","open"
"Mon May 28 2018 15:44:18","Naseh","Admin",226,"null","Command","open"
"Mon May 28 2018 15:44:19","Naseh","Admin",226,"null","Command","close"
"Mon May 28 2018 15:44:20","Naseh","Admin",226,"null","Command","open"
"Mon May 28 2018 15:44:20","Naseh","Admin",207,"null","Command","open"
"Mon May 28 2018 15:44:21","Naseh","Admin",207,"null","Command","open"
"Mon May 28 2018 15:44:21","Naseh","Admin",207,"null","Command","open"
"Mon May 28 2018 15:44:22","Naseh","Admin",207,"null","Command","close"
"Mon May 28 2018 15:44:24","Naseh","Admin",207,"null","Command","open"
"Mon May 28 2018 15:44:26","Naseh","Admin",206,"null","Command","open"
"Mon May 28 2018 15:44:27","Naseh","Admin",213,"null","Command","open"
,,,,,,
,,,,,,
,,,,,,
,,,,,,
,,,,,,
,,,,,,
,,,,,,
"Mon May 28 2018 15:46:52","Naseh","Admin",207,"null","Command","open"
"Mon May 28 2018 15:46:53","Naseh","Admin",226,"null","Command","open"
"Mon May 28 2018 15:46:53","Naseh","Admin",207,"null","Command","close"
"Mon May 28 2018 15:46:54","Naseh","Admin",226,"null","Command","close"
"Mon May 28 2018 15:47:07","Naseh","Admin",202,"null","Command","open"
"Mon May 28 2018 15:47:07","Naseh","Admin",202,"null","Command","close"
"Mon May 28 2018 15:47:17","Naseh","Admin",202,"null","Command","open"
"Mon May 28 2018 15:47:17","Naseh","Admin",202,"null","Command","open"
"Mon May 28 2018 15:47:18","Naseh","Admin",202,"null","Command","open"
"Mon May 28 2018 15:47:18","Naseh","Admin",202,"null","Command","open"
"Mon May 28 2018 15:47:18","Naseh","Admin",202,"null","Command","close"
"Mon May 28 2018 15:47:18","Naseh","Admin",202,"null","Command","close"
"Mon May 28 2018 15:47:18","Naseh","Admin",202,"null","Command","open"
"Mon May 28 2018 15:47:18","Naseh","Admin",202,"null","Command","open"
"Mon May 28 2018 15:47:19","Naseh","Admin",202,"null","Command","close"
"Mon May 28 2018 15:47:19","Naseh","Admin",202,"null","Command","close"
"Mon May 28 2018 15:47:21","Naseh","Admin",202,"null","Command","open"
"Mon May 28 2018 15:47:24","Naseh","Admin",202,"null","Command","close"
"Mon May 28 2018 15:47:24","Naseh","Admin",202,"null","Command","close"
"Mon May 28 2018 15:47:24","Naseh","Admin",202,"null","Command","close"
"Mon May 28 2018 15:47:25","Naseh","Admin",202,"null","Command","open"
"Mon May 28 2018 15:47:25","Naseh","Admin",202,"null","Command","open"
"Mon May 28 2018 15:47:25","Naseh","Admin",202,"null","Command","close"
,,,,,,
,,,,,,
,,,,,,
"Mon May 28 2018 15:58:42","Naseh","Admin",205,"null","Command","open"
,,,,,,
"Mon May 28 2018 15:58:43","Naseh","Admin",202,"null","Command","open"
"Mon May 28 2018 15:58:44","Naseh","Admin",209,"null","Command","open"
,,,,,,
"Mon May 28 2018 15:58:45","Naseh","Admin",206,"null","Command","open"
,,,,,,
"Mon May 28 2018 15:58:46","Naseh","Admin",226,"null","Command","open"
"Mon May 28 2018 16:02:46","Naseh","Admin",205,"null","Command","close"
"Mon May 28 2018 16:02:46","Naseh","Admin",202,"null","Command","close"
"Mon May 28 2018 16:02:47","Naseh","Admin",209,"null","Command","close"
"Mon May 28 2018 16:02:48","Naseh","Admin",226,"null","Command","close"
"Mon May 28 2018 16:02:49","Naseh","Admin",206,"null","Command","close"
"Mon May 28 2018 16:02:50","Naseh","Admin",206,"null","Command","open"
"Mon May 28 2018 16:02:51","Naseh","Admin",226,"null","Command","open"
"Mon May 28 2018 16:02:51","Naseh","Admin",207,"null","Command","open"
"Mon May 28 2018 16:02:53","Naseh","Admin",205,"null","Command","open"
"Mon May 28 2018 16:02:53","Naseh","Admin",202,"null","Command","open"
"Mon May 28 2018 16:02:54","Naseh","Admin",213,"null","Command","open"
"Mon May 28 2018 16:03:20","Naseh","Admin",205,"null","Command","close"
"Mon May 28 2018 16:03:21","Naseh","Admin",202,"null","Command","close"
"Mon May 28 2018 16:03:23","Naseh","Admin",226,"null","Command","close"
"Mon May 28 2018 16:03:23","Naseh","Admin",207,"null","Command","close"
"Mon May 28 2018 16:03:24","Naseh","Admin",206,"null","Command","close"
"Mon May 28 2018 16:03:25","Naseh","Admin",213,"null","Command","close"
"Mon May 28 2018 16:03:29","Naseh","Admin",205,"null","Command","open"
"Mon May 28 2018 16:03:30","Naseh","Admin",202,"null","Command","open"
"Mon May 28 2018 16:03:32","Naseh","Admin",209,"null","Command","open"
"Mon May 28 2018 16:03:32","Naseh","Admin",207,"null","Command","open"
"Mon May 28 2018 16:03:33","Naseh","Admin",226,"null","Command","open"
"Mon May 28 2018 16:03:35","Naseh","Admin",213,"null","Command","open"
"Mon May 28 2018 16:03:36","Naseh","Admin",206,"null","Command","open"
,,,,,,
,,,,,,
,,,,,,
,,,,,,
,,,,,,
,,,,,,
,,,,,,
"Mon May 28 2018 16:43:22","Test 1","Admin",0,"null","Admin","Delete User"
"Mon May 28 2018 16:43:22","Test 1","Admin",226,"xxx","Admin","Delete Class"
"Mon May 28 2018 16:44:17","Naseh","Admin",205,"null","Command","open"
"Mon May 28 2018 16:44:23","Naseh","Admin",205,"null","Command","close"
"Mon May 28 2018 16:44:24","Naseh","Admin",205,"null","Command","open"
"Mon May 28 2018 16:44:28","Naseh","Admin",202,"null","Command","open"
"Mon May 28 2018 16:44:31","Naseh","Admin",202,"null","Command","close"
"Mon May 28 2018 16:44:33","Naseh","Admin",205,"null","Command","close"
"Mon May 28 2018 16:47:41","sabet","superuser",0,"null","Access","Authenticated / RFID : 63201221137162"
"Mon May 28 2018 16:47:44","Naseh","Admin",202,"null","Command","open"
"Mon May 28 2018 16:47:50","Naseh","Admin",202,"null","Command","close"
,,,,,,
,,,,,,
,,,,,,
,,,,,,
,,,,,,
,,,,,,
,,,,,,
,,,,,,
,,,,,,
,,,,,,
,,,,,,
,,,,,,
,,,,,,
,,,,,,
,,,,,,
,,,,,,
,,,,,,
,,,,,,
,,,,,,
,,,,,,
,,,,,,
"Tue May 29 2018 07:07:06","Sarikhani","student",0,"null","Access","Authenticated / RFID : 21222211179"
"Tue May 29 2018 07:07:06","Sarikhani","student",226,"Electrical Energy Sys. Lab","Access","Authorized"
"Tue May 29 2018 07:07:14","Sarikhani","student",226,"Electrical Energy Sys. Lab","Command","open"
"Tue May 29 2018 07:07:06","Sarikhani","student",226,"Electrical Energy Sys. Lab","Access","logged out"
"Tue May 29 2018 07:08:14","Dr Afjeii , Dr Hamzeh","admin",226,"Electrical Energy Sys. Lab","timeout","timeout-student"
"Tue May 29 2018 07:08:14","Naseh","Admin",226,"null","Command","close"
"Tue May 29 2018 08:03:09","Sarikhani","student",0,"null","Access","Authenticated / RFID : 21222211179"
"Tue May 29 2018 08:03:10","Sarikhani","student",226,"Electrical Energy Sys. Lab","Access","Authorized"
"Tue May 29 2018 08:03:13","Sarikhani","student",226,"Electrical Energy Sys. Lab","Command","open"
"Tue May 29 2018 08:03:10","Sarikhani","student",226,"Electrical Energy Sys. Lab","Access","logged out"
"Tue May 29 2018 08:04:13","Naseh","Admin",226,"null","Command","close"
"Tue May 29 2018 08:04:13","Dr Afjeii , Dr Hamzeh","admin",226,"Electrical Energy Sys. Lab","timeout","timeout-student"
"Tue May 29 2018 08:56:33","Sarikhani","student",0,"null","Access","Authenticated / RFID : 21222211179"
"Tue May 29 2018 08:56:33","Sarikhani","student",226,"Electrical Energy Sys. Lab","Access","Authorized"
"Tue May 29 2018 08:56:35","Sarikhani","student",226,"Electrical Energy Sys. Lab","Command","open"
"Tue May 29 2018 08:56:33","Sarikhani","student",226,"Electrical Energy Sys. Lab","Access","logged out"
"Tue May 29 2018 08:57:35","Dr Afjeii , Dr Hamzeh","admin",226,"Electrical Energy Sys. Lab","timeout","timeout-student"
"Tue May 29 2018 08:57:35","Naseh","Admin",226,"null","Command","close"
"Tue May 29 2018 10:50:52","Naseh","admin",0,"null","Access","Authenticated / RFID : 5536103182194"
"Tue May 29 2018 10:50:59","Naseh","Admin",202,"null","Command","open"
"Tue May 29 2018 10:50:59","Naseh","Admin",202,"null","Command","open"
"Tue May 29 2018 11:23:46","Naseh","admin",0,"null","Access","Authenticated / RFID : 5536103182194"
"Tue May 29 2018 11:23:52","Naseh","Admin",205,"null","Command","open"
"Tue May 29 2018 12:21:54","Sami","Admin",0,"null","Admin","Create"
"Tue May 29 2018 12:22:11",,"Admin",,,"define","assign student : Sami"
"Tue May 29 2018 12:22:28","Naseh","admin",0,"null","Access","Authenticated / RFID : 1354144117102"
"Tue May 29 2018 12:22:41","Sami",,0,"null","Access","RFID-Sample"
"Tue May 29 2018 12:22:52","Sami","student",0,"null","Access","Authenticated / RFID : 12266592526"
"Tue May 29 2018 12:22:52","Sami","student",213,"Msc. Computer site","Access","Authorized"
"Tue May 29 2018 12:22:54","Sami","student",213,"Msc. Computer site","Command","open"
"Tue May 29 2018 12:22:52","Sami","student",213,"Msc. Computer site","Access","logged out"
"Tue May 29 2018 12:23:54","Elec , Comm Department","admin",213,"Msc. Computer site","timeout","timeout-student"
"Tue May 29 2018 12:23:54","Naseh","Admin",213,"null","Command","close"